,pumfid,verdate,MH_05,MH_10,MH_15A,MH_15B,MH_15C,MH_15D,MH_15E,MH_15F,MH_15G,MH_20,BH_60A,BH_60B,BH_60C,BH_55A,BH_55B,BH_55C,BH_55D,BH_55E,BH_55F,BH_55G,BH_55H,BH_55I,BH_55J,BH_55K,DEM_10,mhdvmhi,anxdvgad,anxdvgac,anxdvsev,AGEGR_10,PBH_55L,pcsizmiz,piidflag,pimmst,PLM_30,PLM_40,pprov,prururb,pvismin,pagegr,pumffact
0,5106,10/06/2020,Good,About the same,More than half the days,Nearly every day,Several days,Several days,Several days,Several days,More than half the days,Extremely stressful,Never,1 to 3 times,Never,Somewhat,Very,Extremely,Extremely,Extremely,Extremely,Not at all,Somewhat,Extremely,Extremely,Somewhat,Female,Good,11.0,Met cut-point,Moderate symptoms,45 to 54 years old,Not at all,"500,000 - 1,499,999",Non-Indigenous identity,Non-immigrant,Strongly disagree,No impact,35,2,Visible minority,45 to 49 years old,0.4165
1,5107,10/06/2020,Good,About the same,More than half the days,Not at all,Several days,Several days,Not at all,Several days,Not at all,Not very stressful,1 to 3 times,Never,Never,Somewhat,Somewhat,Very,Very,Extremely,Somewhat,Somewhat,Somewhat,Somewhat,Somewhat,Somewhat,Female,Good,5.0,Did not meet cut-point,Mild symptoms,45 to 54 years old,Not at all,"100,000 - 499,999",Non-Indigenous identity,Non-immigrant,Disagree,No impact,13,2,Not a visible minority,50 to 54 years old,0.7167
2,5108,10/06/2020,Excellent,About the same,Not at all,Not at all,Not at all,Not at all,Not at all,Not at all,Not at all,Not very stressful,1 to 3 times,Never,1 to 3 times,Not at all,Not at all,Somewhat,Very,Very,Somewhat,Somewhat,Very,Very,Somewhat,Somewhat,Male,Excellent,0.0,Did not meet cut-point,No symptoms,35 to 44 years old,Not at all,"100,000 - 499,999",Non-Indigenous identity,Non-immigrant,Strongly disagree,No impact,12,2,Not a visible minority,35 to 39 years old,0.5585
3,5109,10/06/2020,Very good,Somewhat worse now,More than half the days,More than half the days,Several days,More than half the days,Several days,More than half the days,Not at all,A bit stressful,1 to 3 times,1 to 3 times,1 to 3 times,Somewhat,Extremely,Very,Somewhat,Not at all,Somewhat,Not at all,Somewhat,Not at all,Somewhat,Somewhat,Male,Very good,10.0,Met cut-point,Moderate symptoms,35 to 44 years old,Not at all,"500,000 - 1,499,999",Non-Indigenous identity,Non-immigrant,Strongly disagree,Minor impact,48,2,Not a visible minority,35 to 39 years old,1.9391
4,5110,10/06/2020,Good,Somewhat worse now,More than half the days,Several days,Several days,Several days,More than half the days,More than half the days,More than half the days,A bit stressful,1 to 3 times,Never,Never,Not at all,Somewhat,Very,Somewhat,Somewhat,Somewhat,Somewhat,Somewhat,Not at all,Not at all,Somewhat,Female,Good,11.0,Met cut-point,Moderate symptoms,45 to 54 years old,Not at all,"100,000 - 499,999",Non-Indigenous identity,Immigrant,Disagree,Too soon to tell,59,2,Visible minority,50 to 54 years old,0.5311
5,5111,10/06/2020,Very good,About the same,Not at all,Not at all,Not at all,Not at all,Not at all,Not at all,Not at all,A bit stressful,Never,Never,Never,Somewhat,Somewhat,Extremely,Very,Very,Very,Somewhat,Somewhat,Somewhat,Somewhat,Not at all,Male,Very good,0.0,Did not meet cut-point,No symptoms,45 to 54 years old,Not at all,"500,000 - 1,499,999",Non-Indigenous identity,Non-immigrant,Disagree,No impact,35,2,Not a visible minority,50 to 54 years old,1.4419
6,5112,10/06/2020,Very good,About the same,Not at all,Not at all,Not at all,Not at all,Not at all,Not at all,Not at all,Not very stressful,Never,1 to 3 times,1 to 3 times,Very,Very,Very,Somewhat,Not at all,Very,Somewhat,Very,Somewhat,Very,Somewhat,Male,Very good,0.0,Did not meet cut-point,No symptoms,65 years and older,Not at all,"10,000 - 99,999 (any CMACA < 100,000)",Non-Indigenous identity,Non-immigrant,Not working at a job or business,No impact,59,2,Not a visible minority,65 years and older,2.4089
7,5113,10/06/2020,Excellent,About the same,Not at all,Not at all,Not at all,Not at all,Not at all,Not at all,Not at all,A bit stressful,4 or 5 times,Never,Never,Not at all,Somewhat,Somewhat,Somewhat,Somewhat,Somewhat,Not at all,Somewhat,Somewhat,Not at all,Somewhat,Male,Excellent,0.0,Did not meet cut-point,No symptoms,65 years and older,Not at all,"100,000 - 499,999",Non-Indigenous identity,Non-immigrant,Strongly disagree,Minor impact,59,2,Not a visible minority,65 years and older,2.4089
8,5114,10/06/2020,Fair,Somewhat worse now,More than half the days,More than half the days,More than half the days,More than half the days,Not at all,More than half the days,More than half the days,Quite a bit stressful,1 to 3 times,Never,Never,Somewhat,Somewhat,Extremely,Very,Somewhat,Somewhat,Extremely,Very,Very,Very,Extremely,Female,Fair,12.0,Met cut-point,Moderate symptoms,55 to 64 years old,Somewhat,"1,500,000 +",Non-Indigenous identity,Immigrant,Neither agree nor disagree,Minor impact,35,2,Not a visible minority,55 to 59 years old,0.5386
9,5115,10/06/2020,Fair,Somewhat worse now,Nearly every day,More than half the days,Nearly every day,Nearly every day,Several days,Nearly every day,Several days,Quite a bit stressful,Never,1 to 3 times,Never,Somewhat,Somewhat,Somewhat,Very,Very,Very,Extremely,Very,Very,Very,Very,Female,Fair,16.0,Met cut-point,Severe symptoms,35 to 44 years old,Not at all,"10,000 - 99,999 (any CMACA < 100,000)",Indigenous identity,Non-immigrant,,Moderate impact,13,2,Not a visible minority,35 to 39 years old,0.326
10,5116,10/06/2020,Good,About the same,Several days,Several days,Several days,Several days,More than half the days,Several days,Several days,A bit stressful,1 to 3 times,Never,Never,Somewhat,Very,Very,Somewhat,Somewhat,Extremely,Not at all,Not at all,Somewhat,Somewhat,Somewhat,Female,Good,8.0,Did not meet cut-point,Mild symptoms,45 to 54 years old,Not at all,Non-CMACA,Non-Indigenous identity,Non-immigrant,Disagree,No impact,59,1,Not a visible minority,45 to 49 years old,0.4266
11,5117,10/06/2020,Good,Somewhat worse now,Several days,Not at all,Several days,Not at all,Several days,Several days,Not at all,Not very stressful,1 to 3 times,Never,1 to 3 times,Somewhat,Not at all,Somewhat,Somewhat,Somewhat,Very,Somewhat,Somewhat,Somewhat,Somewhat,Not at all,Male,Good,4.0,Did not meet cut-point,Minimal symptoms,55 to 64 years old,Not at all,"1,500,000 +",Non-Indigenous identity,Non-immigrant,Neither agree nor disagree,Minor impact,24,2,Not a visible minority,60 to 64 years old,3.4331
12,5118,10/06/2020,Good,Somewhat worse now,Several days,Several days,Several days,Several days,Several days,Several days,Several days,A bit stressful,1 to 3 times,Never,Never,Somewhat,Not at all,Extremely,Somewhat,Somewhat,Somewhat,Somewhat,Somewhat,Somewhat,Very,Very,Female,Good,7.0,Did not meet cut-point,Mild symptoms,65 years and older,Not at all,"10,000 - 99,999 (any CMACA < 100,000)",Non-Indigenous identity,Immigrant,Not working at a job or business,Moderate impact,12,2,Not a visible minority,65 years and older,0.6608
13,5119,10/06/2020,Good,Somewhat worse now,Nearly every day,More than half the days,More than half the days,Several days,Not at all,More than half the days,Several days,A bit stressful,Never,1 to 3 times,1 to 3 times,Somewhat,Very,Very,Very,Very,Very,Somewhat,Somewhat,Very,Very,Somewhat,Female,Good,11.0,Met cut-point,Moderate symptoms,45 to 54 years old,Not at all,"500,000 - 1,499,999",Non-Indigenous identity,Non-immigrant,Not working at a job or business,Major impact,35,2,Not a visible minority,50 to 54 years old,0.4688
14,5120,10/06/2020,Good,About the same,Several days,Not at all,Not at all,Not at all,Not at all,Not at all,Several days,A bit stressful,1 to 3 times,1 to 3 times,Never,Somewhat,Very,Somewhat,Very,Very,Extremely,Very,Very,Very,Not at all,Somewhat,Female,Good,2.0,Did not meet cut-point,Minimal symptoms,65 years and older,Not at all,"500,000 - 1,499,999",Non-Indigenous identity,Non-immigrant,Neither agree nor disagree,Major impact,24,2,Not a visible minority,65 years and older,4.0923
15,5121,10/06/2020,Good,About the same,More than half the days,More than half the days,More than half the days,Not at all,Several days,Nearly every day,Not at all,Quite a bit stressful,Never,Never,4 or 5 times,Somewhat,Very,Extremely,Very,Very,Extremely,Extremely,Somewhat,Somewhat,Not at all,Somewhat,Female,Good,10.0,Met cut-point,Moderate symptoms,65 years and older,Not at all,"100,000 - 499,999",Non-Indigenous identity,Non-immigrant,Not working at a job or business,Minor impact,12,2,Not a visible minority,65 years and older,0.6608
16,5122,10/06/2020,Good,Somewhat worse now,More than half the days,More than half the days,Several days,Nearly every day,More than half the days,More than half the days,Several days,Quite a bit stressful,Never,Never,Never,Somewhat,Very,Extremely,Extremely,Extremely,Very,Somewhat,Not at all,Very,Somewhat,Not at all,Female,Good,13.0,Met cut-point,Moderate symptoms,35 to 44 years old,Not at all,Non-CMACA,Non-Indigenous identity,Non-immigrant,Strongly disagree,No impact,12,1,Not a visible minority,35 to 39 years old,0.127
17,5123,10/06/2020,Fair,Much worse now,Nearly every day,Nearly every day,Nearly every day,Nearly every day,Nearly every day,Nearly every day,More than half the days,Quite a bit stressful,Never,Never,Never,Somewhat,Somewhat,Somewhat,Somewhat,Very,Not at all,Not at all,Somewhat,Not at all,Very,Very,Male,Fair,20.0,Met cut-point,Severe symptoms,15 to 24 years old,Not at all,"1,500,000 +",Non-Indigenous identity,Non-immigrant,Not working at a job or business,Major impact,24,2,Visible minority,15 to 24 years old,4.9066
18,5124,10/06/2020,Fair,About the same,Several days,Several days,Several days,Several days,Several days,Several days,Not at all,A bit stressful,1 to 3 times,Never,1 to 3 times,Somewhat,Somewhat,Very,Somewhat,Somewhat,Somewhat,Very,Very,Somewhat,Somewhat,Very,Female,Fair,6.0,Did not meet cut-point,Mild symptoms,15 to 24 years old,Not at all,"1,500,000 +",Non-Indigenous identity,Non-immigrant,Agree,No impact,35,2,Not a visible minority,15 to 24 years old,1.1585
19,5125,10/06/2020,Fair,Somewhat worse now,Nearly every day,Nearly every day,Nearly every day,Nearly every day,More than half the days,Nearly every day,More than half the days,Quite a bit stressful,1 to 3 times,1 to 3 times,1 to 3 times,Not at all,Somewhat,Somewhat,Not at all,Not at all,Not at all,Very,Very,Not at all,Not at all,Very,Male,Fair,19.0,Met cut-point,Severe symptoms,35 to 44 years old,Not at all,"1,500,000 +",Non-Indigenous identity,Non-immigrant,Disagree,Moderate impact,24,2,Not a visible minority,35 to 39 years old,2.1088
20,5126,10/06/2020,Excellent,About the same,Several days,Not at all,Not at all,Not at all,Not at all,Not at all,Not at all,A bit stressful,Never,Never,Never,Somewhat,Somewhat,Somewhat,Somewhat,Very,Very,Not at all,Somewhat,Somewhat,Somewhat,Somewhat,Male,Excellent,1.0,Did not meet cut-point,Minimal symptoms,55 to 64 years old,Not at all,"10,000 - 99,999 (any CMACA < 100,000)",Non-Indigenous identity,Non-immigrant,Not working at a job or business,No impact,35,2,Not a visible minority,55 to 59 years old,1.63
21,5127,10/06/2020,Good,Somewhat worse now,Nearly every day,More than half the days,Several days,More than half the days,Several days,Several days,Nearly every day,Quite a bit stressful,1 to 3 times,Daily or more,Never,Extremely,Not at all,Very,Very,Very,Very,Somewhat,Very,Somewhat,Somewhat,Somewhat,Female,Good,13.0,Met cut-point,Moderate symptoms,55 to 64 years old,Not at all,"1,500,000 +",Non-Indigenous identity,Non-immigrant,Not working at a job or business,Major impact,24,2,Not a visible minority,55 to 59 years old,1.4497
22,5128,10/06/2020,Good,Somewhat worse now,Not at all,Not at all,More than half the days,More than half the days,More than half the days,Not at all,Several days,Not very stressful,1 to 3 times,Never,1 to 3 times,Not at all,Not at all,Extremely,Very,Very,Very,Very,Somewhat,Somewhat,Somewhat,Not at all,Male,Good,7.0,Did not meet cut-point,Mild symptoms,25 to 34 years old,Not at all,"500,000 - 1,499,999",Non-Indigenous identity,Non-immigrant,Disagree,No impact,48,2,Not a visible minority,25 to 29 years old,3.1241
23,5129,10/06/2020,Good,About the same,Several days,Several days,Several days,Several days,More than half the days,More than half the days,Several days,Quite a bit stressful,1 to 3 times,Never,Never,Somewhat,Somewhat,Very,Somewhat,Somewhat,Very,Somewhat,Somewhat,Somewhat,Somewhat,Somewhat,Female,Good,9.0,Did not meet cut-point,Mild symptoms,55 to 64 years old,Not at all,"500,000 - 1,499,999",Non-Indigenous identity,Non-immigrant,Disagree,No impact,35,2,Not a visible minority,55 to 59 years old,0.5386
24,5130,10/06/2020,Very good,About the same,Several days,Not at all,Not at all,Not at all,Not at all,Several days,Several days,Not very stressful,1 to 3 times,Never,Never,Somewhat,Somewhat,Very,Very,Very,Very,Somewhat,Extremely,Very,Very,Not at all,Female,Very good,3.0,Did not meet cut-point,Minimal symptoms,35 to 44 years old,Not at all,"1,500,000 +",Non-Indigenous identity,Non-immigrant,Strongly disagree,No impact,35,2,Not a visible minority,40 to 44 years old,0.334
25,5131,10/06/2020,Good,Somewhat worse now,Several days,Several days,Several days,Several days,Not at all,Several days,Several days,Quite a bit stressful,Never,1 to 3 times,Never,Somewhat,Very,Very,Somewhat,Somewhat,Somewhat,Somewhat,Somewhat,Somewhat,Somewhat,Somewhat,Female,Good,6.0,Did not meet cut-point,Mild symptoms,35 to 44 years old,Not at all,"100,000 - 499,999",Non-Indigenous identity,Non-immigrant,Strongly disagree,Minor impact,35,2,Not a visible minority,35 to 39 years old,0.3134
26,5132,10/06/2020,Very good,About the same,Not at all,Not at all,Not at all,Not at all,Not at all,Not at all,Not at all,A bit stressful,1 to 3 times,Never,1 to 3 times,Somewhat,Somewhat,Very,Very,Very,Very,Somewhat,Very,Very,Somewhat,Somewhat,Female,Very good,0.0,Did not meet cut-point,No symptoms,35 to 44 years old,Not at all,"100,000 - 499,999",Non-Indigenous identity,Non-immigrant,Disagree,No impact,12,2,Not a visible minority,35 to 39 years old,0.127
27,5133,10/06/2020,Good,Somewhat worse now,Several days,Not at all,Several days,Several days,Several days,More than half the days,Not at all,Not very stressful,1 to 3 times,Never,Never,Somewhat,Not at all,Very,Very,Very,Somewhat,Somewhat,Extremely,Somewhat,Somewhat,Somewhat,Female,Good,6.0,Did not meet cut-point,Mild symptoms,25 to 34 years old,Not at all,"500,000 - 1,499,999",Non-Indigenous identity,Non-immigrant,Disagree,No impact,24,2,Not a visible minority,25 to 29 years old,1.1364
28,5134,10/06/2020,Good,Much worse now,More than half the days,Nearly every day,Nearly every day,More than half the days,Not at all,More than half the days,Several days,Not very stressful,1 to 3 times,Never,1 to 3 times,Somewhat,Not at all,Very,Somewhat,Very,Very,Extremely,Very,Extremely,Extremely,Not at all,Female,Good,13.0,Met cut-point,Moderate symptoms,25 to 34 years old,Not at all,"100,000 - 499,999",Non-Indigenous identity,Non-immigrant,Not working at a job or business,Major impact,12,2,Not a visible minority,25 to 29 years old,0.214
29,5135,10/06/2020,Good,Somewhat worse now,More than half the days,Several days,More than half the days,More than half the days,Several days,Several days,Several days,A bit stressful,1 to 3 times,Never,1 to 3 times,Somewhat,Somewhat,Very,Very,Very,Very,,Somewhat,Somewhat,Somewhat,Somewhat,Female,Good,10.0,Met cut-point,Moderate symptoms,25 to 34 years old,Not at all,"100,000 - 499,999",Non-Indigenous identity,Non-immigrant,Disagree,No impact,12,2,Not a visible minority,30 to 34 years old,0.1509
30,5136,10/06/2020,Fair,Much worse now,Nearly every day,Nearly every day,Nearly every day,Nearly every day,More than half the days,Several days,Nearly every day,Extremely stressful,Never,Never,Daily or more,Somewhat,Not at all,Very,Somewhat,Somewhat,Not at all,Very,Somewhat,Very,Somewhat,Somewhat,Female,Fair,18.0,Met cut-point,Severe symptoms,25 to 34 years old,Not at all,"100,000 - 499,999",Non-Indigenous identity,Non-immigrant,Neither agree nor disagree,Minor impact,59,2,Not a visible minority,30 to 34 years old,0.4082
31,5137,10/06/2020,Good,Somewhat worse now,Several days,Several days,Several days,Several days,Not at all,Several days,Not at all,Quite a bit stressful,1 to 3 times,Never,1 to 3 times,Somewhat,Somewhat,Very,Very,Very,Somewhat,Very,Somewhat,Somewhat,Somewhat,Not at all,Female,Good,5.0,Did not meet cut-point,Mild symptoms,55 to 64 years old,Not at all,"1,500,000 +",Non-Indigenous identity,Immigrant,Strongly disagree,Minor impact,59,2,Not a visible minority,60 to 64 years old,0.5939
32,5138,10/06/2020,Very good,Somewhat worse now,Several days,Several days,Several days,Several days,Several days,Not at all,Several days,Not very stressful,1 to 3 times,Never,Never,Somewhat,Somewhat,Very,Very,Extremely,Very,Somewhat,Somewhat,Somewhat,Somewhat,Somewhat,Male,Very good,6.0,Did not meet cut-point,Mild symptoms,25 to 34 years old,Not at all,"500,000 - 1,499,999",Non-Indigenous identity,Non-immigrant,Strongly disagree,No impact,46,2,Visible minority,25 to 29 years old,2.5699
33,5139,10/06/2020,Good,About the same,More than half the days,Not at all,Not at all,Not at all,Not at all,Several days,Several days,Quite a bit stressful,1 to 3 times,Never,1 to 3 times,Somewhat,Somewhat,Very,Very,Very,Somewhat,Not at all,Not at all,Somewhat,Somewhat,Not at all,Female,Good,4.0,Did not meet cut-point,Minimal symptoms,35 to 44 years old,Not at all,"100,000 - 499,999",Non-Indigenous identity,Non-immigrant,Not working at a job or business,No impact,12,2,Not a visible minority,40 to 44 years old,0.135
34,5140,10/06/2020,Good,Somewhat worse now,Several days,Several days,Not at all,Not at all,Not at all,Several days,Several days,A bit stressful,1 to 3 times,Never,Never,Extremely,Extremely,Very,Very,Very,Very,Very,Somewhat,Somewhat,Not at all,Somewhat,Male,Good,4.0,Did not meet cut-point,Minimal symptoms,55 to 64 years old,Not at all,"100,000 - 499,999",Non-Indigenous identity,Non-immigrant,Not working at a job or business,Moderate impact,35,2,Not a visible minority,60 to 64 years old,1.6891
35,5141,10/06/2020,Very good,Somewhat better now,Not at all,Not at all,Several days,Not at all,,Several days,Not at all,Quite a bit stressful,Never,1 to 3 times,1 to 3 times,Somewhat,Somewhat,Very,Very,Very,Very,Somewhat,Not at all,Not at all,Not at all,Somewhat,Female,Very good,,,,35 to 44 years old,Not at all,"500,000 - 1,499,999",Non-Indigenous identity,Non-immigrant,Strongly disagree,No impact,35,2,Not a visible minority,40 to 44 years old,0.334
36,5142,10/06/2020,Excellent,Somewhat worse now,Several days,Several days,Several days,More than half the days,Not at all,Several days,Several days,A bit stressful,Never,Never,Never,Somewhat,Somewhat,Very,Somewhat,Somewhat,Somewhat,Not at all,Not at all,Not at all,Not at all,Somewhat,Female,Excellent,7.0,Did not meet cut-point,Mild symptoms,35 to 44 years old,Not at all,"500,000 - 1,499,999",Non-Indigenous identity,Non-immigrant,Strongly disagree,No impact,35,2,Not a visible minority,35 to 39 years old,0.3134
37,5143,10/06/2020,Good,Somewhat worse now,More than half the days,Not at all,Several days,Several days,Not at all,More than half the days,Not at all,Quite a bit stressful,1 to 3 times,Never,Never,Somewhat,Somewhat,Very,Somewhat,Somewhat,Somewhat,Somewhat,Not at all,Very,Somewhat,Very,Female,Good,6.0,Did not meet cut-point,Mild symptoms,35 to 44 years old,Not at all,"100,000 - 499,999",Non-Indigenous identity,Non-immigrant,Not working at a job or business,Minor impact,59,2,Not a visible minority,35 to 39 years old,0.337
38,5144,10/06/2020,Very good,About the same,Not at all,Not at all,Not at all,Several days,Not at all,Not at all,Not at all,A bit stressful,1 to 3 times,Never,Never,Somewhat,Somewhat,Very,Very,Very,Extremely,Very,Somewhat,Somewhat,Somewhat,Somewhat,Female,Very good,1.0,Did not meet cut-point,Minimal symptoms,45 to 54 years old,Not at all,"500,000 - 1,499,999",Non-Indigenous identity,Non-immigrant,Neither agree nor disagree,Minor impact,46,2,Not a visible minority,45 to 49 years old,0.5842
39,5145,10/06/2020,Very good,About the same,Not at all,Not at all,Not at all,Not at all,Not at all,More than half the days,Not at all,Not very stressful,1 to 3 times,Never,Never,Somewhat,Not at all,Somewhat,Not at all,Somewhat,Somewhat,Not at all,Very,Extremely,Somewhat,Somewhat,Female,Very good,2.0,Did not meet cut-point,Minimal symptoms,65 years and older,Not at all,"500,000 - 1,499,999",Non-Indigenous identity,Non-immigrant,Not working at a job or business,No impact,24,2,Not a visible minority,65 years and older,4.0923
40,5146,10/06/2020,Fair,Somewhat worse now,More than half the days,Several days,Several days,Several days,Several days,More than half the days,Several days,Extremely stressful,1 to 3 times,Never,Never,Not at all,Very,Extremely,Extremely,Very,Very,Not at all,Somewhat,Somewhat,Somewhat,Extremely,Female,Fair,9.0,Did not meet cut-point,Mild symptoms,35 to 44 years old,Not at all,Missing (unknown if CMACA or not),Non-Indigenous identity,Non-immigrant,Agree,Minor impact,63,9,Not a visible minority,35 to 39 years old,0.0878
41,5147,10/06/2020,Very good,About the same,Not at all,Not at all,Several days,Several days,Not at all,Several days,Several days,A bit stressful,1 to 3 times,Never,1 to 3 times,Somewhat,Very,Very,Extremely,Extremely,Extremely,Very,Very,Very,Very,Extremely,Female,Very good,4.0,Did not meet cut-point,Minimal symptoms,35 to 44 years old,Not at all,"100,000 - 499,999",Non-Indigenous identity,Non-immigrant,Disagree,Minor impact,35,2,Not a visible minority,40 to 44 years old,0.334
42,5148,10/06/2020,Good,Somewhat worse now,Several days,Several days,Nearly every day,Nearly every day,More than half the days,More than half the days,Not at all,A bit stressful,1 to 3 times,Never,1 to 3 times,Not at all,Not at all,Extremely,Somewhat,Somewhat,Somewhat,Not at all,Very,Somewhat,Somewhat,Somewhat,Female,Good,12.0,Met cut-point,Moderate symptoms,35 to 44 years old,Not at all,Non-CMACA,Non-Indigenous identity,Non-immigrant,Not working at a job or business,Moderate impact,48,1,Not a visible minority,35 to 39 years old,0.5904
43,5149,10/06/2020,Fair,Somewhat worse now,Nearly every day,Nearly every day,Nearly every day,Nearly every day,Nearly every day,Nearly every day,Nearly every day,A bit stressful,1 to 3 times,Never,1 to 3 times,Somewhat,Very,Extremely,Very,Very,Very,Somewhat,Very,Very,Very,Very,Female,Fair,21.0,Met cut-point,Severe symptoms,35 to 44 years old,Not at all,"10,000 - 99,999 (any CMACA < 100,000)",Non-Indigenous identity,Non-immigrant,Strongly disagree,No impact,35,2,Not a visible minority,40 to 44 years old,0.334
44,5150,10/06/2020,Good,Somewhat better now,More than half the days,More than half the days,More than half the days,Nearly every day,Several days,Several days,More than half the days,A bit stressful,Never,Never,Never,Somewhat,Extremely,Extremely,Very,Very,Extremely,Somewhat,Very,Somewhat,Somewhat,Not at all,Female,Good,13.0,Met cut-point,Moderate symptoms,25 to 34 years old,Not at all,Non-CMACA,Non-Indigenous identity,Non-immigrant,Strongly disagree,No impact,35,1,Not a visible minority,25 to 29 years old,0.5227
45,5151,10/06/2020,Fair,Much worse now,Nearly every day,Nearly every day,Nearly every day,More than half the days,Nearly every day,Several days,Nearly every day,Quite a bit stressful,1 to 3 times,Never,Never,Extremely,Extremely,Extremely,Extremely,,Extremely,Very,Somewhat,Very,Very,Not at all,Female,Fair,18.0,Met cut-point,Severe symptoms,55 to 64 years old,Not at all,"100,000 - 499,999",Indigenous identity,Non-immigrant,Not working at a job or business,Minor impact,12,2,Not a visible minority,55 to 59 years old,0.2288
46,5152,10/06/2020,Very good,Much worse now,More than half the days,Several days,Not at all,Nearly every day,Nearly every day,More than half the days,Not at all,Quite a bit stressful,1 to 3 times,Never,1 to 3 times,Extremely,Very,Very,Not at all,Not at all,Not at all,Extremely,Extremely,Not at all,Not at all,Very,Female,Very good,11.0,Met cut-point,Moderate symptoms,15 to 24 years old,Not at all,"500,000 - 1,499,999",Non-Indigenous identity,Non-immigrant,Strongly disagree,No impact,24,2,Not a visible minority,15 to 24 years old,2.332
47,5153,10/06/2020,Good,Somewhat worse now,Several days,Not at all,Several days,Not at all,Not at all,Several days,Not at all,A bit stressful,1 to 3 times,Never,Never,Not at all,Not at all,Extremely,Not at all,Not at all,Not at all,Very,Very,Very,Not at all,Very,Male,Good,3.0,Did not meet cut-point,Minimal symptoms,35 to 44 years old,Not at all,"100,000 - 499,999",Non-Indigenous identity,Non-immigrant,Disagree,No impact,35,2,Not a visible minority,35 to 39 years old,0.9205
48,5154,10/06/2020,Good,About the same,Not at all,Not at all,Not at all,Not at all,Not at all,Not at all,More than half the days,Not very stressful,Never,1 to 3 times,Never,Not at all,Somewhat,Extremely,Extremely,Extremely,Extremely,Extremely,Somewhat,Somewhat,Somewhat,Somewhat,Female,Good,2.0,Did not meet cut-point,Minimal symptoms,55 to 64 years old,Not at all,Non-CMACA,Non-Indigenous identity,Non-immigrant,Not working at a job or business,Too soon to tell,35,1,Not a visible minority,60 to 64 years old,0.5647
49,5155,10/06/2020,Good,Somewhat worse now,Nearly every day,Several days,Several days,Nearly every day,Nearly every day,Not at all,Several days,A bit stressful,1 to 3 times,,1 to 3 times,Somewhat,Somewhat,Somewhat,Somewhat,Not at all,Not at all,Not at all,Very,Somewhat,Somewhat,Extremely,Female,Good,12.0,Met cut-point,Moderate symptoms,55 to 64 years old,Not at all,"1,500,000 +",Non-Indigenous identity,Non-immigrant,Strongly disagree,No impact,59,2,Not a visible minority,55 to 59 years old,0.6081
50,5156,10/06/2020,Excellent,Somewhat worse now,Several days,Not at all,Several days,Several days,Not at all,Several days,Not at all,A bit stressful,1 to 3 times,1 to 3 times,1 to 3 times,Somewhat,Somewhat,Extremely,Somewhat,Somewhat,Very,Not at all,Not at all,Somewhat,Not at all,Somewhat,Female,Excellent,4.0,Did not meet cut-point,Minimal symptoms,45 to 54 years old,Not at all,"500,000 - 1,499,999",Non-Indigenous identity,Non-immigrant,Strongly disagree,No impact,35,2,Not a visible minority,45 to 49 years old,0.4165
51,5157,10/06/2020,Good,About the same,Several days,Not at all,Not at all,Not at all,Not at all,Several days,Not at all,A bit stressful,1 to 3 times,Never,Never,Somewhat,Very,Very,Somewhat,Somewhat,Very,Somewhat,Very,Very,Somewhat,Very,Female,Good,2.0,Did not meet cut-point,Minimal symptoms,35 to 44 years old,Not at all,"100,000 - 499,999",Non-Indigenous identity,Non-immigrant,Strongly disagree,Moderate impact,12,2,Not a visible minority,35 to 39 years old,0.127
52,5158,10/06/2020,Good,Somewhat worse now,Nearly every day,Several days,Several days,Nearly every day,Several days,Several days,More than half the days,Quite a bit stressful,1 to 3 times,Never,Never,Somewhat,Somewhat,Extremely,Somewhat,Somewhat,Very,Somewhat,Extremely,Extremely,Somewhat,Somewhat,Female,Good,12.0,Met cut-point,Moderate symptoms,35 to 44 years old,Not at all,"1,500,000 +",Non-Indigenous identity,Non-immigrant,Agree,Moderate impact,35,2,Not a visible minority,35 to 39 years old,0.3134
53,5159,10/06/2020,Fair,Somewhat worse now,More than half the days,Several days,Several days,Several days,Several days,Not at all,Several days,A bit stressful,Never,Never,Never,Extremely,Extremely,Extremely,Somewhat,Very,Extremely,Not at all,Not at all,Not at all,Somewhat,Somewhat,Female,Fair,7.0,Did not meet cut-point,Mild symptoms,45 to 54 years old,Not at all,"1,500,000 +",Non-Indigenous identity,Non-immigrant,Not working at a job or business,Too soon to tell,35,2,Not a visible minority,50 to 54 years old,0.4688
54,5160,10/06/2020,Good,Somewhat worse now,Several days,Several days,Several days,Not at all,Not at all,Several days,Several days,Quite a bit stressful,1 to 3 times,Never,Never,Somewhat,Somewhat,Very,Very,Very,Extremely,Very,Somewhat,Somewhat,Somewhat,Somewhat,Female,Good,5.0,Did not meet cut-point,Mild symptoms,35 to 44 years old,Not at all,"1,500,000 +",Non-Indigenous identity,Immigrant,Disagree,No impact,59,2,Visible minority,40 to 44 years old,0.3411
55,5161,10/06/2020,Good,Somewhat worse now,Nearly every day,More than half the days,More than half the days,More than half the days,Not at all,Several days,More than half the days,Quite a bit stressful,Never,Never,Never,Very,Very,Extremely,Extremely,Extremely,Extremely,Very,Somewhat,Somewhat,Very,Very,Female,Good,12.0,Met cut-point,Moderate symptoms,45 to 54 years old,Not at all,"500,000 - 1,499,999",Non-Indigenous identity,Non-immigrant,Not working at a job or business,Major impact,35,2,Not a visible minority,50 to 54 years old,0.4688
56,5162,10/06/2020,Fair,Somewhat worse now,More than half the days,Several days,Several days,More than half the days,Several days,More than half the days,Several days,A bit stressful,Never,Never,Never,Very,Somewhat,Somewhat,Very,Extremely,Very,Somewhat,Very,Very,Very,Very,Female,Fair,10.0,Met cut-point,Moderate symptoms,65 years and older,Not at all,"100,000 - 499,999",Non-Indigenous identity,Non-immigrant,Neither agree nor disagree,No impact,35,2,Not a visible minority,65 years and older,1.1476
57,5163,10/06/2020,Very good,Somewhat worse now,More than half the days,Not at all,Several days,More than half the days,Not at all,More than half the days,Not at all,A bit stressful,1 to 3 times,Never,Never,Somewhat,Somewhat,Very,Somewhat,Somewhat,Somewhat,Not at all,Very,Very,Very,Very,Female,Very good,7.0,Did not meet cut-point,Mild symptoms,25 to 34 years old,Not at all,"500,000 - 1,499,999",Non-Indigenous identity,Non-immigrant,Strongly disagree,Minor impact,46,2,Not a visible minority,25 to 29 years old,0.8171
58,5164,10/06/2020,Good,Somewhat worse now,Several days,Several days,Several days,Several days,Not at all,Not at all,Not at all,Not very stressful,1 to 3 times,Never,1 to 3 times,Somewhat,Very,Extremely,Extremely,Extremely,Extremely,Not at all,Somewhat,Very,Very,Not at all,Male,Good,4.0,Did not meet cut-point,Minimal symptoms,25 to 34 years old,Not at all,"500,000 - 1,499,999",Non-Indigenous identity,Non-immigrant,Strongly disagree,No impact,35,2,Not a visible minority,30 to 34 years old,1.0736
59,5165,10/06/2020,Very good,About the same,Several days,Several days,Several days,Not at all,Not at all,Several days,Not at all,A bit stressful,1 to 3 times,Never,Never,Somewhat,Somewhat,Somewhat,Somewhat,Somewhat,Somewhat,Not at all,Somewhat,Somewhat,Somewhat,Somewhat,Female,Very good,4.0,Did not meet cut-point,Minimal symptoms,35 to 44 years old,Not at all,Missing (unknown if CMACA or not),Indigenous identity,Non-immigrant,Not working at a job or business,Moderate impact,63,9,Not a visible minority,40 to 44 years old,0.0878
60,5166,10/06/2020,Very good,Somewhat worse now,Several days,Several days,Not at all,Not at all,Not at all,Not at all,Several days,Not very stressful,1 to 3 times,1 to 3 times,Never,Somewhat,Somewhat,Not at all,Somewhat,Not at all,Somewhat,Somewhat,Not at all,Somewhat,Not at all,Not at all,Female,Very good,3.0,Did not meet cut-point,Minimal symptoms,65 years and older,Not at all,"500,000 - 1,499,999",Non-Indigenous identity,Non-immigrant,Not working at a job or business,No impact,35,2,Not a visible minority,65 years and older,1.1476
61,5167,10/06/2020,Poor,Somewhat better now,Several days,More than half the days,More than half the days,Not at all,Not at all,More than half the days,Not at all,A bit stressful,Never,1 to 3 times,1 to 3 times,Somewhat,Somewhat,Very,Somewhat,Very,Somewhat,Somewhat,Not at all,Very,Very,Somewhat,Female,Poor,7.0,Did not meet cut-point,Mild symptoms,35 to 44 years old,Not at all,"500,000 - 1,499,999",Non-Indigenous identity,Non-immigrant,Strongly agree,Major impact,46,2,Not a visible minority,35 to 39 years old,0.4414
62,5168,10/06/2020,Good,Somewhat worse now,Several days,Several days,Several days,Several days,Several days,Several days,Several days,Not at all stressful,1 to 3 times,Never,Never,Somewhat,Very,Extremely,Very,Very,Extremely,Very,Very,Very,Very,Very,Female,Good,7.0,Did not meet cut-point,Mild symptoms,55 to 64 years old,Not at all,Non-CMACA,Non-Indigenous identity,Non-immigrant,Strongly agree,Minor impact,35,1,Not a visible minority,55 to 59 years old,0.5386
63,5169,10/06/2020,Very good,About the same,Several days,Not at all,Not at all,Several days,Several days,Not at all,Not at all,Quite a bit stressful,1 to 3 times,Never,1 to 3 times,Somewhat,Somewhat,Very,Somewhat,Somewhat,Somewhat,Not at all,Not at all,Somewhat,Somewhat,Not at all,Female,Very good,3.0,Did not meet cut-point,Minimal symptoms,25 to 34 years old,Not at all,"500,000 - 1,499,999",Non-Indigenous identity,Non-immigrant,Strongly disagree,No impact,35,2,Not a visible minority,25 to 29 years old,0.5227
64,5170,10/06/2020,Good,Somewhat worse now,Nearly every day,Several days,Several days,Several days,Several days,Nearly every day,Nearly every day,Not very stressful,1 to 3 times,1 to 3 times,1 to 3 times,Somewhat,Somewhat,Extremely,Very,Very,Somewhat,Not at all,Somewhat,Very,Very,Not at all,Female,Good,13.0,Met cut-point,Moderate symptoms,25 to 34 years old,Not at all,"500,000 - 1,499,999",Non-Indigenous identity,Non-immigrant,Strongly disagree,No impact,35,2,Visible minority,30 to 34 years old,0.3827
65,5171,10/06/2020,Excellent,Much better now,Not at all,Not at all,Not at all,Not at all,Not at all,Not at all,Not at all,Not at all stressful,1 to 3 times,1 to 3 times,Never,Somewhat,Very,Extremely,Somewhat,Somewhat,Somewhat,Not at all,Not at all,Not at all,Not at all,Not at all,Female,Excellent,0.0,Did not meet cut-point,No symptoms,45 to 54 years old,Not at all,"500,000 - 1,499,999",Non-Indigenous identity,Non-immigrant,Strongly disagree,Moderate impact,48,2,Not a visible minority,45 to 49 years old,0.6384
66,5172,10/06/2020,Excellent,About the same,Several days,Not at all,Not at all,Not at all,Not at all,Not at all,Not at all,A bit stressful,1 to 3 times,Never,Never,Somewhat,Not at all,Not at all,Somewhat,Somewhat,Somewhat,Not at all,Somewhat,Not at all,Not at all,Not at all,Female,Excellent,1.0,Did not meet cut-point,Minimal symptoms,65 years and older,Not at all,"500,000 - 1,499,999",Non-Indigenous identity,Non-immigrant,Not working at a job or business,No impact,35,2,Not a visible minority,65 years and older,1.1476
67,5173,10/06/2020,Good,Somewhat worse now,Several days,Several days,Several days,Several days,Several days,Several days,Several days,Not very stressful,1 to 3 times,1 to 3 times,Never,Somewhat,Not at all,Extremely,Extremely,Extremely,Very,Somewhat,Not at all,Not at all,Not at all,Somewhat,Female,Good,7.0,Did not meet cut-point,Mild symptoms,55 to 64 years old,Not at all,"500,000 - 1,499,999",Non-Indigenous identity,Non-immigrant,Agree,Moderate impact,35,2,Not a visible minority,55 to 59 years old,0.5386
68,5174,10/06/2020,Good,Somewhat better now,Several days,Not at all,Not at all,Not at all,Not at all,Several days,Not at all,A bit stressful,1 to 3 times,1 to 3 times,1 to 3 times,Very,Very,Extremely,Very,Very,Extremely,Very,Not at all,Somewhat,Not at all,Somewhat,Female,Good,2.0,Did not meet cut-point,Minimal symptoms,35 to 44 years old,Not at all,"100,000 - 499,999",Non-Indigenous identity,Non-immigrant,Strongly disagree,Minor impact,35,2,Not a visible minority,40 to 44 years old,0.334
69,5175,10/06/2020,Good,Somewhat worse now,More than half the days,Several days,Several days,Several days,Several days,Not at all,Not at all,A bit stressful,1 to 3 times,Never,Never,Very,Not at all,Extremely,Very,Very,Somewhat,Somewhat,Very,Somewhat,Somewhat,Somewhat,Female,Good,6.0,Did not meet cut-point,Mild symptoms,55 to 64 years old,Not at all,"500,000 - 1,499,999",Non-Indigenous identity,Non-immigrant,Agree,Major impact,35,2,Not a visible minority,60 to 64 years old,0.5647
70,5176,10/06/2020,Good,Somewhat worse now,Nearly every day,Several days,Several days,Several days,More than half the days,Nearly every day,Several days,Quite a bit stressful,1 to 3 times,Never,1 to 3 times,Not at all,Not at all,Somewhat,Somewhat,Somewhat,Somewhat,Not at all,Very,Very,Very,Somewhat,Female,Good,12.0,Met cut-point,Moderate symptoms,35 to 44 years old,Not at all,"100,000 - 499,999",Non-Indigenous identity,Non-immigrant,Not working at a job or business,Minor impact,13,2,Not a visible minority,40 to 44 years old,0.3162
71,5177,10/06/2020,Excellent,About the same,Not at all,Not at all,Not at all,Not at all,Not at all,Not at all,Not at all,Not very stressful,1 to 3 times,Never,Never,Somewhat,Somewhat,Somewhat,Somewhat,Somewhat,Somewhat,Not at all,Somewhat,Somewhat,Somewhat,Somewhat,Female,Excellent,0.0,Did not meet cut-point,No symptoms,25 to 34 years old,Not at all,"500,000 - 1,499,999",Non-Indigenous identity,Non-immigrant,Strongly disagree,No impact,24,2,Not a visible minority,30 to 34 years old,0.8709
72,5178,10/06/2020,Fair,Somewhat worse now,Nearly every day,More than half the days,More than half the days,Nearly every day,Nearly every day,Nearly every day,Nearly every day,Quite a bit stressful,1 to 3 times,Never,Never,Somewhat,Very,Extremely,Extremely,Extremely,Extremely,Extremely,Extremely,Extremely,Very,Extremely,Female,Fair,19.0,Met cut-point,Severe symptoms,25 to 34 years old,Not at all,"10,000 - 99,999 (any CMACA < 100,000)",Non-Indigenous identity,Non-immigrant,Agree,Minor impact,35,2,Not a visible minority,25 to 29 years old,0.5227
73,5179,10/06/2020,Fair,About the same,More than half the days,More than half the days,More than half the days,More than half the days,Several days,Nearly every day,Nearly every day,Quite a bit stressful,Never,1 to 3 times,Never,Somewhat,Somewhat,Extremely,Very,Very,Very,Somewhat,Somewhat,Somewhat,Somewhat,Very,Female,Fair,15.0,Met cut-point,Severe symptoms,45 to 54 years old,Not at all,Non-CMACA,Non-Indigenous identity,Non-immigrant,Disagree,Minor impact,12,1,Not a visible minority,45 to 49 years old,0.1472
74,5180,10/06/2020,Very good,About the same,Not at all,Not at all,Not at all,Not at all,Not at all,Several days,Not at all,Not very stressful,1 to 3 times,Never,1 to 3 times,Somewhat,Somewhat,Somewhat,Somewhat,Somewhat,Very,Not at all,Very,Very,Somewhat,Somewhat,Male,Very good,1.0,Did not meet cut-point,Minimal symptoms,55 to 64 years old,Not at all,"1,500,000 +",Non-Indigenous identity,Non-immigrant,Agree,No impact,24,2,Not a visible minority,60 to 64 years old,3.4331
75,5181,10/06/2020,Very good,Somewhat worse now,Not at all,Not at all,Not at all,More than half the days,Not at all,More than half the days,Not at all,Quite a bit stressful,1 to 3 times,Never,Never,Somewhat,Very,Very,Somewhat,Somewhat,Somewhat,Somewhat,Somewhat,Somewhat,Very,Very,Female,Very good,4.0,Did not meet cut-point,Minimal symptoms,25 to 34 years old,Not at all,"500,000 - 1,499,999",Non-Indigenous identity,Non-immigrant,Strongly disagree,Too soon to tell,48,2,Not a visible minority,30 to 34 years old,0.6981
76,5182,10/06/2020,Good,About the same,Nearly every day,Several days,Several days,Several days,Several days,More than half the days,More than half the days,Quite a bit stressful,1 to 3 times,Never,Never,Very,Extremely,Extremely,Very,Very,Extremely,Very,Somewhat,Very,Somewhat,Very,Male,Good,11.0,Met cut-point,Moderate symptoms,35 to 44 years old,Not at all,"500,000 - 1,499,999",Non-Indigenous identity,Immigrant,Neither agree nor disagree,Minor impact,35,2,,35 to 39 years old,0.9205
77,5183,10/06/2020,Good,Somewhat worse now,More than half the days,Several days,Several days,Nearly every day,Nearly every day,Nearly every day,Several days,A bit stressful,1 to 3 times,Never,Never,Very,Very,Very,Very,Very,Very,Somewhat,Somewhat,Somewhat,Somewhat,Extremely,Female,Good,14.0,Met cut-point,Moderate symptoms,25 to 34 years old,Not at all,"100,000 - 499,999",Non-Indigenous identity,Non-immigrant,Agree,Moderate impact,35,2,Not a visible minority,30 to 34 years old,0.3827
78,5184,10/06/2020,Very good,Somewhat better now,Several days,Several days,Not at all,Not at all,Not at all,Several days,Several days,Quite a bit stressful,1 to 3 times,1 to 3 times,1 to 3 times,Very,Extremely,Very,Somewhat,Somewhat,Somewhat,Very,Extremely,Very,Very,Very,Female,Very good,4.0,Did not meet cut-point,Minimal symptoms,35 to 44 years old,Not at all,Non-CMACA,Non-Indigenous identity,Non-immigrant,Disagree,Moderate impact,13,1,Not a visible minority,40 to 44 years old,0.3162
